{"cameraMode":{"drawMode":0,"name":"Shaded","section":"Shading Mode"},"sceneLighting":false,"audioPlay":false,"sceneViewState":{"showFog":true,"showMaterialUpdate":false,"showSkybox":false,"showFlares":true,"showImageEffects":true,"showParticleSystems":true},"in2DMode":false,"pivot":{"x":0.8899999856948853,"y":0.24000000953674317,"z":0.06000000238418579},"rotation":{"x":-0.29617729783058169,"y":0.6388752460479736,"z":-0.2924681305885315,"w":-0.6469777226448059},"size":1.4289418458938599,"orthographic":false}